,stabilizer.yaw,stateEstimate.vx,stateEstimate.vy,stateEstimate.vz,time,stateEstimate.x,stateEstimate.y,stateEstimate.z
0,90.05270385742188,0.025747310370206833,0.007233253214508295,0.00042303072405047715,18008,,,
1,,,,,18009,1.4188411235809326,3.000180244445801,0.23212219774723053
2,90.05415344238281,0.025935186073184013,0.005544634070247412,0.000512674159836024,18108,,,
3,,,,,18109,1.4188902378082275,2.9994192123413086,0.23296403884887695
4,90.04814910888672,0.02870318479835987,0.009655837900936604,0.0001256682153325528,18208,,,
5,,,,,18209,1.4200000762939453,2.9985899925231934,0.23302903771400452
6,89.42183685302734,0.03149326145648956,0.020306238904595375,-0.005097559187561274,18308,,,
7,,,,,18309,1.4209896326065063,3.001270055770874,0.23426446318626404
8,90.3480453491211,0.034791089594364166,0.052240729331970215,0.07887056469917297,18408,,,
9,,,,,18409,1.4236187934875488,3.0036935806274414,0.23704664409160614
10,91.44437408447266,0.024841194972395897,0.1638697236776352,0.19353701174259186,18508,,,
11,,,,,18509,1.4246931076049805,3.0099239349365234,0.2426392138004303
12,92.02435302734375,0.023461712524294853,0.21887770295143127,0.2539563477039337,18608,,,
13,,,,,18609,1.4230709075927734,3.029482841491699,0.2717427909374237
14,91.98896026611328,0.012959196232259274,0.24479372799396515,0.23777541518211365,18708,,,
15,,,,,18709,1.4185802936553955,3.0605530738830566,0.3057946562767029
16,91.87133026123047,-0.005902782082557678,0.2184191793203354,0.17083124816417694,18808,,,
17,,,,,18809,1.396081566810608,3.080254554748535,0.3173743188381195
18,91.69442749023438,-0.00821765698492527,0.1816158890724182,0.16166114807128906,18908,,,
19,,,,,18909,1.3818573951721191,3.106269121170044,0.35701078176498413
20,91.61043548583984,0.016115866601467133,0.14143963158130646,0.14788468182086945,19008,,,
21,,,,,19009,1.385216474533081,3.13250732421875,0.3950995206832886
22,91.55084228515625,0.040176164358854294,0.08700577169656754,0.13768230378627777,19108,,,
23,,,,,19109,1.3856384754180908,3.14613938331604,0.4218716025352478
24,91.623291015625,0.061308737844228745,0.02751998044550419,0.1360546350479126,19208,,,
25,,,,,19209,1.388781189918518,3.1465537548065186,0.437157541513443
26,91.76215362548828,0.06497868150472641,-0.0268503837287426,0.12227186560630798,19308,,,
27,,,,,19309,1.3849858045578003,3.133451461791992,0.43917587399482727
28,91.89276123046875,0.06474019587039948,-0.05697504058480263,0.11358680576086044,19408,,,
29,,,,,19409,1.3830136060714722,3.119654893875122,0.4465157687664032
30,91.91663360595703,0.07167332619428635,-0.0568561777472496,0.12000346928834915,19508,,,
31,,,,,19509,1.3915640115737915,3.1088833808898926,0.45799651741981506
32,91.9145278930664,0.08225637674331665,-0.043201178312301636,0.13313423097133636,19608,,,
33,,,,,19609,1.4057271480560303,3.0996391773223877,0.4792942404747009
34,91.87076568603516,0.0903429314494133,-0.020138848572969437,0.14335840940475464,19708,,,
35,,,,,19709,1.4202120304107666,3.0928661823272705,0.49679508805274963
36,91.76124572753906,0.09413003921508789,0.00043329826439730823,0.14548742771148682,19808,,,
37,,,,,19809,1.4384984970092773,3.0858986377716064,0.5105417370796204
38,91.62997436523438,0.08495631814002991,0.01940869726240635,0.12849944829940796,19908,,,
39,,,,,19909,1.452040195465088,3.081387519836426,0.5153961181640625
40,91.51853942871094,0.06511837244033813,0.03151223063468933,0.11266467720270157,20008,,,
41,,,,,20009,1.459299921989441,3.0767135620117188,0.5157036185264587
42,91.43270111083984,0.035264626145362854,0.039169516414403915,0.11632517725229263,20108,,,
43,,,,,20109,1.456941843032837,3.072638511657715,0.5145434737205505
44,91.38233184814453,0.01712200418114662,0.048932623118162155,0.13405337929725647,20208,,,
45,,,,,20209,1.4580665826797485,3.0749592781066895,0.523540198802948
46,91.3297348022461,0.006399504374712706,0.06393197923898697,0.1547718197107315,20308,,,
47,,,,,20309,1.4591732025146484,3.083800792694092,0.5422032475471497
48,91.2851333618164,0.005186340771615505,0.07229305803775787,0.15428327023983002,20408,,,
49,,,,,20409,1.4637953042984009,3.0943806171417236,0.5615975260734558
50,91.2972183227539,0.002940788399428129,0.07152045518159866,0.14339490234851837,20508,,,
51,,,,,20509,1.4633889198303223,3.103590965270996,0.5755724906921387
52,91.32316589355469,0.00023045972920954227,0.06260726600885391,0.13717444241046906,20608,,,
53,,,,,20609,1.4614241123199463,3.110537052154541,0.5875372290611267
54,91.36090087890625,0.0004612585762515664,0.05242094397544861,0.14411525428295135,20708,,,
55,,,,,20709,1.4600303173065186,3.1180453300476074,0.6014121174812317
56,91.33599853515625,0.0008550516795367002,0.04062609747052193,0.14219525456428528,20808,,,
57,,,,,20809,1.4567947387695312,3.1235077381134033,0.6198126673698425
58,91.24151611328125,0.0028860087040811777,0.02996465191245079,0.14162743091583252,20908,,,
59,,,,,20909,1.453805923461914,3.1274054050445557,0.6356245875358582
60,91.1198501586914,0.0063403574749827385,0.026159832254052162,0.12360287457704544,21008,,,
61,,,,,21009,1.456047773361206,3.1310994625091553,0.647364616394043
62,90.93968200683594,0.010595828294754028,0.018435383215546608,0.10890781879425049,21108,,,
63,,,,,21109,1.4524117708206177,3.1341118812561035,0.6502610445022583
64,90.69080352783203,0.007526883389800787,0.009247854351997375,0.09771255403757095,21208,,,
65,,,,,21209,1.4457851648330688,3.1321635246276855,0.6494528651237488
66,90.44041442871094,0.0050878445617854595,0.005737080238759518,0.10095817595720291,21308,,,
67,,,,,21309,1.442096471786499,3.130152940750122,0.6528007388114929
68,90.24674987792969,0.015096996910870075,0.0127042131498456,0.118098683655262,21408,,,
69,,,,,21409,1.4460690021514893,3.1368753910064697,0.6612076163291931
70,90.12315368652344,0.027079088613390923,0.022513926029205322,0.12637989223003387,21508,,,
71,,,,,21509,1.451837182044983,3.144940137863159,0.6737939715385437
72,90.08133697509766,0.037826504558324814,0.029832668602466583,0.12990783154964447,21608,,,
73,,,,,21609,1.4596984386444092,3.154116630554199,0.6841819882392883
74,90.0561294555664,0.04270624369382858,0.032758332788944244,0.1308005005121231,21708,,,
75,,,,,21709,1.4667224884033203,3.1635680198669434,0.6916049122810364
76,90.00513458251953,0.04688060283660889,0.029144389554858208,0.12131713330745697,21808,,,
77,,,,,21809,1.4797477722167969,3.1726577281951904,0.7040409445762634
78,89.908447265625,0.04346476122736931,0.021351300179958344,0.11498382687568665,21908,,,
79,,,,,21909,1.4941372871398926,3.182692289352417,0.7151362299919128
80,89.7892074584961,0.033050600439310074,0.010779942385852337,0.10054235905408859,22008,,,
81,,,,,22009,1.5067057609558105,3.1902832984924316,0.7227784991264343
82,89.65209197998047,0.015018901787698269,-0.0006694158655591309,0.09894154965877533,22108,,,
83,,,,,22109,1.5153427124023438,3.1982944011688232,0.7298104763031006
84,89.51063537597656,-0.00116408069152385,-0.014447247609496117,0.09760120511054993,22208,,,
85,,,,,22209,1.5230246782302856,3.2025394439697266,0.7363415956497192
86,89.45323944091797,-0.022501256316900253,-0.019795386120676994,0.09483685344457626,22308,,,
87,,,,,22309,1.5220000743865967,3.2101874351501465,0.7434400320053101
88,89.46247863769531,-0.041041549295186996,-0.01732209324836731,0.09515181183815002,22408,,,
89,,,,,22409,1.5154365301132202,3.2211906909942627,0.7510978579521179
90,89.64295196533203,-0.05208995193243027,-0.01563638262450695,0.0917067676782608,22508,,,
91,,,,,22509,1.507428526878357,3.231128692626953,0.761101484298706
92,89.68768310546875,-0.062182068824768066,-0.028484757989645004,0.07359793782234192,22608,,,
93,,,,,22609,1.4946773052215576,3.2355828285217285,0.757668673992157
94,89.7776107788086,-0.06076662242412567,-0.02485569939017296,0.07991708070039749,22708,,,
95,,,,,22709,1.4813764095306396,3.248028039932251,0.7668569087982178
96,89.74232482910156,-0.06132249906659126,-0.026641905307769775,0.08730780333280563,22808,,,
97,,,,,22809,1.4615544080734253,3.2577908039093018,0.7815349698066711
98,89.66014099121094,-0.08199118822813034,-0.05032765492796898,0.07919349521398544,22908,,,
99,,,,,22909,1.416392207145691,3.2517263889312744,0.7814176082611084
100,89.64578247070312,-0.08195510506629944,-0.08132551610469818,0.08701907098293304,23008,,,
101,,,,,23009,1.380426049232483,3.2391245365142822,0.7856906056404114
102,89.74382019042969,-0.058028556406497955,-0.10740876942873001,0.07847532629966736,23108,,,
103,,,,,23109,1.3539572954177856,3.221632957458496,0.7852352261543274
104,89.79147338867188,-0.020810483023524284,-0.11586301773786545,0.08149658888578415,23208,,,
105,,,,,23209,1.330689787864685,3.203765630722046,0.79139643907547
106,89.85438537597656,0.029593415558338165,-0.10655587911605835,0.08956948667764664,23308,,,
107,,,,,23309,1.3210890293121338,3.1894845962524414,0.7993197441101074
108,89.95113372802734,0.06757257878780365,-0.09210361540317535,0.08569830656051636,23408,,,
109,,,,,23409,1.311515212059021,3.175856113433838,0.8058246970176697
110,89.96731567382812,0.10569924861192703,-0.06459513306617737,0.08434159308671951,23508,,,
111,,,,,23509,1.3132232427597046,3.1692728996276855,0.8102463483810425
112,89.97773742675781,0.12289242446422577,-0.03703110292553902,0.08053038269281387,23608,,,
113,,,,,23609,1.3100392818450928,3.1683592796325684,0.8150680065155029
114,89.94412231445312,0.13598555326461792,-0.004950973205268383,0.07384954392910004,23708,,,
115,,,,,23709,1.314976692199707,3.178453207015991,0.8192362189292908
116,89.86111450195312,0.1391936093568802,0.02056240476667881,0.0783410295844078,23808,,,
117,,,,,23809,1.3208421468734741,3.193772554397583,0.8306384682655334
118,89.85380554199219,0.13343745470046997,0.03283475711941719,0.08160114288330078,23908,,,
119,,,,,23909,1.3236124515533447,3.209146738052368,0.8384648561477661
120,89.86701202392578,0.10435736179351807,0.014724812470376492,0.0731431171298027,24008,,,
121,,,,,24009,1.306501865386963,3.2137556076049805,0.8309006094932556
122,89.90975189208984,0.050628628581762314,-0.025702640414237976,0.04859797656536102,24108,,,
123,,,,,24109,1.25963294506073,3.200662851333618,0.7960013747215271
124,90.0299301147461,0.029780639335513115,-0.05227939411997795,0.04093676805496216,24208,,,
125,,,,,24209,1.2238233089447021,3.1925644874572754,0.7726402878761292
126,90.19241333007812,0.08689882606267929,-0.03644663840532303,0.0772487074136734,24308,,,
127,,,,,24309,1.24351167678833,3.207310676574707,0.7924115657806396
128,90.2938003540039,0.1612287014722824,-0.005658184643834829,0.11388935148715973,24408,,,
129,,,,,24409,1.2755905389785767,3.2309515476226807,0.8324014544487
130,90.36711883544922,0.21429572999477386,0.0062769027426838875,0.12307415157556534,24508,,,
131,,,,,24509,1.2989383935928345,3.244126081466675,0.8526647686958313
132,90.43257141113281,0.21728482842445374,-0.014112384989857674,0.10461170971393585,24608,,,
133,,,,,24609,1.301383137702942,3.241736888885498,0.852404773235321
134,90.52335357666016,0.17025503516197205,-0.06279473751783371,0.07246685773134232,24708,,,
135,,,,,24709,1.2834241390228271,3.2230660915374756,0.8245846629142761
136,90.56022644042969,0.15511296689510345,-0.06805200129747391,0.06710241734981537,24808,,,
137,,,,,24809,1.2950847148895264,3.224797248840332,0.8319448232650757
138,90.58837890625,0.16099035739898682,-0.059249699115753174,0.08641465753316879,24908,,,
139,,,,,24909,1.3226828575134277,3.229935884475708,0.8503831624984741
140,90.5771484375,0.17151524126529694,-0.042344871908426285,0.09193775057792664,25008,,,
141,,,,,25009,1.3544883728027344,3.2381751537323,0.8729265332221985
142,90.52140808105469,0.14318782091140747,-0.05223861336708069,0.07644057273864746,25108,,,
143,,,,,25109,1.3541957139968872,3.2305550575256348,0.8682221174240112
144,90.39652252197266,0.11998648941516876,-0.06261882930994034,0.06041993200778961,25208,,,
145,,,,,25209,1.3619749546051025,3.2232677936553955,0.8712067604064941
146,90.26493835449219,0.09862833470106125,-0.07519510388374329,0.04834725707769394,25308,,,
147,,,,,25309,1.367419958114624,3.2117514610290527,0.865592896938324
148,90.19257354736328,0.09485797584056854,-0.07321154326200485,0.043984707444906235,25408,,,
149,,,,,25409,1.3816826343536377,3.2066450119018555,0.8696445226669312
150,90.1273193359375,0.11109421402215958,-0.059606991708278656,0.05782954394817352,25508,,,
151,,,,,25509,1.4112125635147095,3.206808567047119,0.883101224899292
152,89.9975814819336,0.10601628571748734,-0.0515202060341835,0.06319756805896759,25608,,,
153,,,,,25609,1.4220017194747925,3.2017462253570557,0.8918666839599609
154,89.95233154296875,0.08812818676233292,-0.05967596918344498,0.062176164239645004,25708,,,
155,,,,,25709,1.4261049032211304,3.186633348464966,0.8870034217834473
156,89.8882827758789,0.060960832983255386,-0.06402750313282013,0.051918208599090576,25808,,,
157,,,,,25809,1.4234328269958496,3.1743528842926025,0.8826843500137329
158,89.85232543945312,0.04069727659225464,-0.06788405030965805,0.049973711371421814,25908,,,
159,,,,,25909,1.4232357740402222,3.1592230796813965,0.8796309232711792
160,89.78729248046875,0.021458057686686516,-0.0617707334458828,0.04001341760158539,26008,,,
161,,,,,26009,1.4135584831237793,3.145827293395996,0.8765628337860107
162,89.68561553955078,0.02533607743680477,-0.04494848474860191,0.04685180261731148,26108,,,
163,,,,,26109,1.4178181886672974,3.1370015144348145,0.8769427537918091
164,89.64678955078125,0.034655533730983734,-0.025339674204587936,0.04115138202905655,26208,,,
165,,,,,26209,1.419992446899414,3.130214214324951,0.8769184350967407
166,89.56187438964844,0.053164612501859665,-0.015106014907360077,0.041394371539354324,26308,,,
167,,,,,26309,1.4312039613723755,3.118811845779419,0.8699214458465576
168,89.54940795898438,0.06256650388240814,-0.0009283411782234907,0.05290961265563965,26408,,,
169,,,,,26409,1.4367752075195312,3.114536762237549,0.8755060434341431
170,89.5201187133789,0.0620807409286499,0.012621560133993626,0.055516112595796585,26508,,,
171,,,,,26509,1.4410181045532227,3.1112215518951416,0.8778499364852905
172,89.57503509521484,0.04714776575565338,0.019291279837489128,0.06228818744421005,26608,,,
173,,,,,26609,1.4390382766723633,3.107194185256958,0.8814845681190491
174,89.55912780761719,0.030751679092645645,0.02306988462805748,0.06236913427710533,26708,,,
175,,,,,26709,1.43523371219635,3.1040475368499756,0.8859806060791016
176,89.53197479248047,0.020796965807676315,0.017806844785809517,0.061688512563705444,26808,,,
177,,,,,26809,1.4372901916503906,3.0970213413238525,0.8878605365753174
178,89.55485534667969,0.013725470751523972,0.019092420116066933,0.06339453160762787,26908,,,
179,,,,,26909,1.4338821172714233,3.0927743911743164,0.8906258344650269
180,89.53333282470703,0.005645523779094219,0.01896880939602852,0.04344590753316879,27008,,,
181,,,,,27009,1.425817847251892,3.086322784423828,0.8990412950515747
182,89.5915298461914,0.008368715643882751,0.024667412042617798,0.04627212509512901,27108,,,
183,,,,,27109,1.4223586320877075,3.082094669342041,0.9002254605293274
184,89.6786880493164,0.027986660599708557,0.031124629080295563,0.054174039512872696,27208,,,
185,,,,,27209,1.4249833822250366,3.0737967491149902,0.8966121077537537
186,89.99337768554688,0.14676323533058167,0.1573500782251358,0.05295548960566521,27308,,,
187,,,,,27309,1.4297789335250854,3.0839431285858154,0.9125656485557556
188,89.52963256835938,0.27490609884262085,0.2978745698928833,0.05494698882102966,27408,,,
189,,,,,27409,1.442428708076477,3.1131691932678223,0.9366803169250488
190,89.19432067871094,0.4233437478542328,0.4045987129211426,0.03060769848525524,27508,,,
191,,,,,27509,1.4960509538650513,3.1388213634490967,0.935758113861084
192,89.11268615722656,0.5380563735961914,0.4485161304473877,0.0064324489794671535,27608,,,
193,,,,,27609,1.568230152130127,3.1584460735321045,0.9144484996795654
194,89.16846466064453,0.5599112510681152,0.48073264956474304,0.009233669377863407,27708,,,
195,,,,,27709,1.6123583316802979,3.1912648677825928,0.9032210111618042
196,89.32310485839844,0.510026752948761,0.4971493184566498,0.027108656242489815,27808,,,
197,,,,,27809,1.6444047689437866,3.2304089069366455,0.9028236865997314
198,89.52690124511719,0.4323124587535858,0.4895183742046356,0.053156979382038116,27908,,,
199,,,,,27909,1.6750723123550415,3.26373553276062,0.9032984375953674
200,89.67727661132812,0.3521858751773834,0.47312790155410767,0.06393156200647354,28008,,,
201,,,,,28009,1.700740098953247,3.2937912940979004,0.9003791809082031
202,89.8582534790039,0.27978551387786865,0.4645373821258545,0.05423576757311821,28108,,,
203,,,,,28109,1.712806224822998,3.3275485038757324,0.9049903154373169
204,89.90161895751953,0.23621800541877747,0.4552602171897888,0.0418890155851841,28208,,,
205,,,,,28209,1.727023959159851,3.356576442718506,0.9036379456520081
206,89.93121337890625,0.22134719789028168,0.44340306520462036,0.02854624018073082,28308,,,
207,,,,,28309,1.7506718635559082,3.3798975944519043,0.8953983187675476
208,90.04326629638672,0.2183454930782318,0.4353022575378418,0.03139318525791168,28408,,,
209,,,,,28409,1.7690311670303345,3.4028282165527344,0.8912992477416992
210,90.08963775634766,0.23060187697410583,0.43872687220573425,0.04951385781168938,28508,,,
211,,,,,28509,1.7948901653289795,3.4322986602783203,0.8978248834609985
212,90.07221984863281,0.2404024451971054,0.44826817512512207,0.05358358100056648,28608,,,
213,,,,,28609,1.8226016759872437,3.4653167724609375,0.9062924385070801
214,90.13269805908203,0.22777408361434937,0.45766445994377136,0.046506479382514954,28708,,,
215,,,,,28709,1.837124228477478,3.499124765396118,0.9094142317771912
216,90.1947021484375,0.2030734121799469,0.46149030327796936,0.03954866901040077,28808,,,
217,,,,,28809,1.8485413789749146,3.5319571495056152,0.9088268280029297
218,90.37272644042969,0.16056059300899506,0.4562893211841583,0.03675122931599617,28908,,,
219,,,,,28909,1.8497047424316406,3.569382667541504,0.9135167598724365
220,90.59963989257812,0.12009356170892715,0.44914695620536804,0.04428286850452423,29008,,,
221,,,,,29009,1.8462765216827393,3.6082522869110107,0.9201162457466125
222,90.80928039550781,0.099205881357193,0.4391370713710785,0.06810024380683899,29108,,,
223,,,,,29109,1.8497841358184814,3.65921950340271,0.9491382837295532
224,90.7876968383789,0.07783174514770508,0.3931613564491272,0.06397352367639542,29208,,,
225,,,,,29209,1.8367220163345337,3.6932287216186523,0.9572954773902893
226,90.68681335449219,0.08448944240808487,0.3555273711681366,0.060704268515110016,29308,,,
227,,,,,29309,1.840034008026123,3.73669171333313,0.9911490678787231
228,90.61844635009766,0.10808704793453217,0.3156442642211914,0.05867356061935425,29408,,,
229,,,,,29409,1.8518197536468506,3.7717607021331787,1.0227190256118774
230,90.55754852294922,0.12594887614250183,0.2726607620716095,0.033056218177080154,29508,,,
231,,,,,29509,1.8623054027557373,3.801694393157959,1.0502452850341797
232,90.45433044433594,0.1412964165210724,0.22929233312606812,0.01600431278347969,29608,,,
233,,,,,29609,1.8772066831588745,3.8256659507751465,1.0709370374679565
234,90.41334533691406,0.1467350870370865,0.1885923445224762,-0.008714234456419945,29708,,,
235,,,,,29709,1.893638253211975,3.841468572616577,1.0846246480941772
236,90.34864807128906,0.12541739642620087,0.13899631798267365,-0.031623490154743195,29808,,,
237,,,,,29809,1.8950603008270264,3.8422768115997314,1.0835868120193481
238,90.29371643066406,0.10864069312810898,0.10682003200054169,-0.044425297528505325,29908,,,
239,,,,,29909,1.9047739505767822,3.8422963619232178,1.082757830619812
240,90.23119354248047,0.09290141612291336,0.0855107307434082,-0.06110483780503273,30008,,,
241,,,,,30009,1.9132027626037598,3.8362038135528564,1.0737119913101196
242,90.18827056884766,0.08015309274196625,0.07826198637485504,-0.05572152137756348,30108,,,
243,,,,,30109,1.919402003288269,3.8304696083068848,1.0632596015930176
244,90.1686019897461,0.06886128336191177,0.08047007769346237,-0.04854820296168327,30208,,,
245,,,,,30209,1.9226070642471313,3.824077844619751,1.0518437623977661
246,90.17906951904297,0.063524529337883,0.09428250044584274,-0.0340442955493927,30308,,,
247,,,,,30309,1.9272300004959106,3.8210864067077637,1.0422446727752686
248,90.15082550048828,0.06639572232961655,0.11167904734611511,-0.018055619671940804,30408,,,
249,,,,,30409,1.9361865520477295,3.822460651397705,1.0370726585388184
250,90.07024383544922,0.06924903392791748,0.12969450652599335,-0.0324549600481987,30508,,,
251,,,,,30509,1.9439769983291626,3.828400135040283,1.0328434705734253
252,90.1089096069336,0.06907792389392853,0.1466970443725586,-0.0357171893119812,30608,,,
253,,,,,30609,1.9525814056396484,3.838493585586548,1.0281145572662354
254,90.33851623535156,0.06744012236595154,0.15772072970867157,-0.03185039758682251,30708,,,
255,,,,,30709,1.9592180252075195,3.849914073944092,1.0232553482055664
256,90.43463134765625,0.06497643142938614,0.16354939341545105,-0.025912294164299965,30808,,,
257,,,,,30809,1.9683464765548706,3.8676071166992188,1.0182939767837524
258,90.52149963378906,0.05916331335902214,0.1590578854084015,-0.005708673503249884,30908,,,
259,,,,,30909,1.978725552558899,3.883957862854004,1.0156033039093018
260,90.63738250732422,0.051481571048498154,0.15025733411312103,-0.0033605364151299,31008,,,
261,,,,,31009,1.989611268043518,3.899352788925171,1.0131667852401733
262,90.60115051269531,0.04289359599351883,0.1380225569009781,0.0035629940684884787,31108,,,
263,,,,,31109,1.9991443157196045,3.9166579246520996,1.0122638940811157
264,90.49755096435547,0.03392016142606735,0.12013770639896393,-0.005860920064151287,31208,,,
265,,,,,31209,2.0079052448272705,3.928208112716675,1.0085320472717285
266,90.36073303222656,0.03217887878417969,0.10457655787467957,-0.06497016549110413,31308,,,
267,,,,,31309,2.0211427211761475,3.9376115798950195,0.9993041753768921
268,90.00282287597656,0.030225632712244987,0.0845126360654831,-0.26000386476516724,31408,,,
269,,,,,31409,2.0290584564208984,3.9442591667175293,0.97603440284729
270,89.52143859863281,0.025647705420851707,0.05961306765675545,-0.4578198790550232,31508,,,
271,,,,,31509,2.039138078689575,3.9473278522491455,0.9301140904426575
272,89.2632827758789,0.016970621421933174,0.03532964363694191,-0.5521020293235779,31608,,,
273,,,,,31609,2.048042058944702,3.9439985752105713,0.865265429019928
274,89.00422668457031,0.007422962691634893,0.02021133527159691,-0.5519089102745056,31708,,,
275,,,,,31709,2.0564472675323486,3.939326763153076,0.7884650230407715
276,88.72500610351562,-0.006209422368556261,0.014886446297168732,-0.5200996398925781,31808,,,
277,,,,,31809,2.063626766204834,3.930488348007202,0.7156128883361816
278,88.52766418457031,0.011308667249977589,0.03309867903590202,-0.4626060426235199,31908,,,
279,,,,,31909,2.095865488052368,3.9377999305725098,0.6618266105651855
280,88.54058074951172,-0.0033580244053155184,0.06133422255516052,-0.3928370177745819,32008,,,
281,,,,,32009,2.1052236557006836,3.951131582260132,0.6152124404907227
282,88.39256286621094,-0.03702549263834953,0.074917271733284,-0.346373587846756,32108,,,
283,,,,,32109,2.094952344894409,3.9621899127960205,0.5738239288330078
284,88.36060333251953,-0.0758904293179512,0.07333239912986755,-0.31221282482147217,32208,,,
285,,,,,32209,2.0742690563201904,3.9716124534606934,0.5431774854660034
286,88.37750244140625,-0.09124386310577393,0.0545085109770298,-0.29221832752227783,32308,,,
287,,,,,32309,2.066580057144165,3.9727461338043213,0.5056803226470947
288,88.25321197509766,-0.09566356986761093,0.03509625792503357,-0.2825603187084198,32408,,,
289,,,,,32409,2.055999994277954,3.972761392593384,0.4759531021118164
290,88.26689910888672,-0.08190029859542847,0.01783943548798561,-0.29503893852233887,32508,,,
291,,,,,32509,2.0507850646972656,3.9705047607421875,0.4435688257217407
292,88.330810546875,-0.08090266585350037,0.016457943245768547,-0.2728258967399597,32608,,,
293,,,,,32609,2.033499240875244,3.9750356674194336,0.42452558875083923
294,88.43102264404297,-0.10183656960725784,0.0299439188092947,-0.2325519621372223,32708,,,
295,,,,,32709,1.9966061115264893,3.9864914417266846,0.4233362078666687
296,88.5460205078125,-0.11425907164812088,0.04574498534202576,-0.2010149508714676,32808,,,
297,,,,,32809,1.9640873670578003,3.9984843730926514,0.4250008463859558
298,88.6955795288086,-0.07967694848775864,0.03832578286528587,-0.19544072449207306,32908,,,
299,,,,,32909,1.9581280946731567,4.0002641677856445,0.4118834137916565
300,88.6556167602539,-0.045899588614702225,0.018440784886479378,-0.19609619677066803,33008,,,
301,,,,,33009,1.947581171989441,4.000665664672852,0.4062563478946686
302,88.62102508544922,-0.0052515617571771145,-0.006734224036335945,-0.20825554430484772,33108,,,
303,,,,,33109,1.9445042610168457,3.992719888687134,0.39405691623687744
304,88.4766616821289,0.022862805053591728,-0.01582738757133484,-0.2067529261112213,33208,,,
305,,,,,33209,1.9379019737243652,3.9871644973754883,0.3839467465877533
306,88.50389862060547,0.04556995630264282,-0.015258419327437878,-0.18495634198188782,33308,,,
307,,,,,33309,1.9449659585952759,3.979308605194092,0.3626037836074829
308,88.42190551757812,0.06443586200475693,-0.01375625655055046,-0.17564117908477783,33408,,,
309,,,,,33409,1.9478157758712769,3.9736337661743164,0.3502426743507385
310,88.44564819335938,0.06399991363286972,-0.005528988782316446,-0.16470685601234436,33508,,,
311,,,,,33509,1.951647400856018,3.9680685997009277,0.33934739232063293
312,88.49348449707031,0.07004591822624207,0.00018148777598980814,-0.1538391262292862,33608,,,
313,,,,,33609,1.9619996547698975,3.9645140171051025,0.3264636695384979
314,88.80731201171875,0.06370479613542557,0.010176820680499077,-0.13682179152965546,33708,,,
315,,,,,33709,1.966497778892517,3.9614388942718506,0.31959789991378784
316,89.1961669921875,0.07089095562696457,0.010149919427931309,-0.1576286405324936,33808,,,
317,,,,,33809,1.9833608865737915,3.954575538635254,0.30118006467819214
318,89.69522857666016,0.0639813095331192,0.015446493402123451,-0.17391565442085266,33908,,,
319,,,,,33909,1.9900901317596436,3.951904535293579,0.2898629605770111
320,90.28214263916016,0.05546536669135094,0.022270062938332558,-0.1601603478193283,34008,,,
321,,,,,34009,2.003894329071045,3.944577693939209,0.2726344168186188
322,90.88290405273438,0.04249165207147598,0.026857290416955948,-0.1372155249118805,34108,,,
323,,,,,34109,2.0122904777526855,3.9397084712982178,0.25811463594436646
324,91.50545501708984,0.032696254551410675,0.032583750784397125,-0.1303095519542694,34208,,,
325,,,,,34209,2.0251567363739014,3.935957431793213,0.24605612456798553
326,92.04741668701172,0.021835215389728546,0.03251126781105995,-0.12625658512115479,34308,,,
327,,,,,34309,2.03610897064209,3.9314751625061035,0.23356850445270538
328,92.30244445800781,0.007330268621444702,0.03864365443587303,-0.10986580699682236,34408,,,
329,,,,,34409,2.0441691875457764,3.9287610054016113,0.22439157962799072
330,92.35259246826172,0.0019451749976724386,0.04795956611633301,-0.09554338455200195,34508,,,
331,,,,,34509,2.0536201000213623,3.9259748458862305,0.21280460059642792
332,92.28499603271484,-0.009029680863022804,0.04567299410700798,-0.05779393017292023,34608,,,
333,,,,,34609,2.0565736293792725,3.9232571125030518,0.20665715634822845
334,91.80193328857422,-0.01932787522673607,0.057128194719552994,-0.0009449365315958858,34708,,,
335,,,,,34709,2.0616605281829834,3.9331371784210205,0.20743751525878906
336,91.6305923461914,-0.028394464403390884,0.05267221853137016,0.030862681567668915,34808,,,
337,,,,,34809,2.075277328491211,3.9367730617523193,0.20132844150066376
338,91.18063354492188,-0.03265015408396721,0.057714082300662994,0.06392430514097214,34908,,,
339,,,,,34909,2.082641124725342,3.9401092529296875,0.1986130177974701
340,91.07109069824219,-0.043851353228092194,0.052961912006139755,0.11179343611001968,35008,,,
341,,,,,35009,2.0861270427703857,3.9416120052337646,0.19997993111610413
342,90.3364028930664,-0.0402943380177021,0.03744502365589142,0.1173396110534668,35108,,,
343,,,,,35109,2.0835952758789062,3.9431819915771484,0.2054034024477005
344,90.550048828125,-0.039028678089380264,0.021224258467555046,0.10918600857257843,35208,,,
345,,,,,35209,2.083545684814453,3.945627450942993,0.2103268802165985
346,91.04522705078125,-0.037152085453271866,0.007595112547278404,0.12185189872980118,35308,,,
347,,,,,35309,2.0809876918792725,3.947226047515869,0.21460048854351044
348,91.53302764892578,-0.045420609414577484,0.0009132833802141249,0.13500238955020905,35408,,,
349,,,,,35409,2.077202796936035,3.9512758255004883,0.21801429986953735
350,91.08226013183594,-0.04551701620221138,-0.003167176153510809,0.12331745028495789,35508,,,
351,,,,,35509,2.0759334564208984,3.9544219970703125,0.2220926135778427
352,91.76152038574219,-0.0418042428791523,-0.008573506958782673,0.13347823917865753,35608,,,
353,,,,,35609,2.074772357940674,3.958112955093384,0.225143700838089
354,91.56903076171875,-0.03394315019249916,-0.013193508610129356,0.12204626947641373,35708,,,
355,,,,,35709,2.0748090744018555,3.960911273956299,0.22771549224853516
356,91.6696548461914,-0.03583499416708946,-0.01107507199048996,0.118994802236557,35808,,,
357,,,,,35809,2.0708155632019043,3.9666378498077393,0.22956210374832153
358,92.09134674072266,-0.034016698598861694,-0.009971875697374344,0.12159255892038345,35908,,,
359,,,,,35909,2.0713050365448,3.9724128246307373,0.2336348444223404
360,92.7112045288086,-0.03667054697871208,-0.005296134855598211,0.12075997143983841,36008,,,
361,,,,,36009,2.0676841735839844,3.9808878898620605,0.23770497739315033
362,93.53984069824219,-0.031354695558547974,-0.0022524725645780563,0.1236264631152153,36108,,,
363,,,,,36109,2.0656485557556152,3.985473871231079,0.2421027272939682
364,94.03153228759766,-0.026647726073861122,0.002943987725302577,0.11373547464609146,36208,,,
365,,,,,36209,2.0661725997924805,3.9923300743103027,0.2447001039981842
366,92.93124389648438,-0.02310352399945259,0.001697466243058443,0.11564300954341888,36308,,,
367,,,,,36309,2.066340446472168,3.9984259605407715,0.24778729677200317
368,91.93254089355469,-0.02201113849878311,0.0006414403906092048,0.09807125478982925,36408,,,
369,,,,,36409,2.065298557281494,4.006256103515625,0.24898454546928406
370,90.60967254638672,-0.022610682994127274,-0.002689117332920432,0.10112059116363525,36508,,,
371,,,,,36509,2.060499668121338,4.011383056640625,0.24944236874580383
372,90.89009094238281,-0.02504206821322441,-0.0024615430738776922,0.0840049758553505,36608,,,
373,,,,,36609,2.056993246078491,4.017797470092773,0.24778644740581512
374,89.62297058105469,-0.024960370734333992,-0.005804424174129963,0.08857251703739166,36708,,,
375,,,,,36709,2.055103063583374,4.022970676422119,0.24415530264377594
376,89.7916030883789,-0.02971491403877735,-0.009735926985740662,0.08216453343629837,36808,,,
377,,,,,36809,2.04884672164917,4.028980731964111,0.24296879768371582
378,89.61827850341797,-0.030139172449707985,-0.01784459874033928,0.11353275179862976,36908,,,
379,,,,,36909,2.046095132827759,4.033595085144043,0.23952358961105347
380,89.34044647216797,-0.028095852583646774,-0.027960946783423424,0.0900149866938591,37008,,,
381,,,,,37009,2.046168804168701,4.0361857414245605,0.2394363284111023
